,id,id_str,user_location,country_location
0,1355345090022154241,1355345090022154241,"Atlantic, Pacific, Indian, Arctic, & Southern Oceans",Unknown
1,1355321147701686273,1355321147701686273,Not Available,Unknown
2,1355286925809094659,1355286925809094659,Not Available,Unknown
3,1355276872410681348,1355276872410681348,"28.385233, -81.563873. ",Unknown
4,1355268165148815360,1355268165148815360,Canada,Canada
5,1355268161939992576,1355268161939992576,Canada,Canada
6,1355264500925145093,1355264500925145093,Earth,Unknown
7,1355243694669004800,1355243694669004800,"South Jordan, UT",United States
8,1355224896582934533,1355224896582934533,"Broward County, Florida",United States
9,1355189722692243456,1355189722692243456,"Denver, CO",United States
10,1355157521464487945,1355157521464487945,Monaco,Monaco
11,1355156770155614216,1355156770155614216,NY | LA | PARIS,Unknown
12,1355153796721217536,1355153796721217536,Monaco,Monaco
13,1355141184021213192,1355141184021213192,ajks - he / him - autist - 18,Unknown
14,1355118276444094466,1355118276444094466,"South Devon, UK",United States
15,1355100680671928321,1355100680671928321,Not Available,Unknown
16,1355086730689273856,1355086730689273856,"Wurundjeri Land, Kulin Nation",Australia
17,1355082660335374342,1355082660335374342,"Wurundjeri Land, Kulin Nation",Australia
18,1355064566841962497,1355064566841962497,Not Available,Unknown
19,1355053049312653313,1355053049312653313,Not Available,Unknown
20,1355008939621036032,1355008939621036032,Not Available,Unknown
21,1354997696856166403,1354997696856166403,"Santa Monica, CA",United States
22,1354984266216710146,1354984266216710146,Not Available,Unknown
23,1354959700865986575,1354959700865986575,Planet Earth!,Unknown
24,1354957674589380610,1354957674589380610,"Seattle, WA",United States
25,1354930496401244161,1354930496401244161,UK,United Kingdom
26,1354886747902119938,1354886747902119938,Not Available,Unknown
27,1354875698373136385,1354875698373136385,"Galway, Ireland",Ireland
28,1354871522704277508,1354871522704277508,Mundi Salutem,Unknown
29,1354869245612412930,1354869245612412930,Occupied Kalapuya Territory,United States
30,1354851635902771201,1354851635902771201,Not Available,Unknown
31,1354846868841357312,1354846868841357312,Not Available,Unknown
32,1354840540836220930,1354840540836220930,"Atlantic, Pacific, Indian, Arctic, & Southern Oceans",Unknown
33,1354831310146035712,1354831310146035712,"Walpole, Maine",United States
34,1354819157317980168,1354819157317980168,"Lausanne, Switzerland",Switzerland
35,1354817461397319684,1354817461397319684,Not Available,Unknown
36,1354816329182662656,1354816329182662656,Calvert/ Witless Bay NL,Canada
37,1354814057044295686,1354814057044295686,Not Available,Unknown
38,1354806038516514819,1354806038516514819,Courage in Despair,Unknown
39,1354799833958076416,1354799833958076416,Monaco,Monaco
40,1354799572590227457,1354799572590227457,Not Available,Unknown
41,1354780917756289027,1354780917756289027,Not Available,Unknown
42,1354727182069768194,1354727182069768194,"Cairns, Queensland",Australia
43,1354709520795230208,1354709520795230208,"England, UK",United Kingdom
44,1354623637836472320,1354623637836472320,Queensland,Australia
45,1354623631633088512,1354623631633088512,Queensland,Australia
46,1354623626553815040,1354623626553815040,Queensland,Australia
47,1354623624188203011,1354623624188203011,Queensland,Australia
48,1354619040673763331,1354619040673763331,"Union City, NJ",United States
49,1354596816256462848,1354596816256462848,"Grand Junction, CO",United States
50,1354589257021710339,1354589257021710339,"Washington, DC",United States
51,1354556395878670339,1354556395878670339,"Bay Area, California",United States
52,1354550877919473664,1354550877919473664,"Sydney, New South Wales",Australia
53,1354534578849898508,1354534578849898508,Not Available,Unknown
54,1354522866243543041,1354522866243543041,"Washington, DC",United States
55,1354522535677878272,1354522535677878272,Not Available,Unknown
56,1354521173313216512,1354521173313216512,"Miami, FL",United States
57,1354509576259969027,1354509576259969027,Not Available,Unknown
58,1354505037184176131,1354505037184176131,Not Available,Unknown
59,1354504632425472014,1354504632425472014,switzerland,Switzerland
60,1354463372197187587,1354463372197187587,"Lausanne, Switzerland",Switzerland
61,1354462943786754057,1354462943786754057,"Gland, Switzerland",Switzerland
62,1354456792382771205,1354456792382771205,"The Hague, The Netherlands",Netherlands
63,1354449082228604932,1354449082228604932,"Bristol, England",United Kingdom
64,1354446313832599556,1354446313832599556,"Virginia, USA",United States
65,1354436620586541056,1354436620586541056,Canada & Northern Ireland,Unknown
66,1354435191801081860,1354435191801081860,Nigeria,Nigeria
67,1354429768133992450,1354429768133992450,"Ottawa, Ontario",Canada
68,1354383651404824579,1354383651404824579,Not Available,Unknown
69,1354371285418209281,1354371285418209281,"Lausanne, Switzerland",Switzerland
70,1354361237140869120,1354361237140869120,Not Available,Unknown
71,1354358678095331329,1354358678095331329,Netherlands,Netherlands
72,1354300719948419076,1354300719948419076,Not Available,Unknown
73,1354277016363786246,1354277016363786246,"Yerevan, Armenia",Armenia
74,1354259856782356481,1354259856782356481,"Townsville, Queensland",Canada
75,1354223596080492547,1354223596080492547,NE Pacific Ocean,Unknown
76,1354206343171874818,1354206343171874818,Cayman Islands,Cayman Islands
77,1354197662980055040,1354197662980055040,University of Miami,United States
78,1354189048655572993,1354189048655572993,Not Available,Unknown
79,1354185600551641089,1354185600551641089,Not Available,Unknown
80,1354150781679616000,1354150781679616000,"California, USA",United States
81,1354142919058317313,1354142919058317313,"Wellington, New Zealand",New Zealand
82,1354134902493605889,1354134902493605889,We Are Everywhere,Unknown
83,1354123227979800577,1354123227979800577,Not Available,Unknown
84,1354123084119171072,1354123084119171072,"Tucson, AZ",United States
85,1354121367000641537,1354121367000641537,Not Available,Unknown
86,1354105425080283136,1354105425080283136,County Wicklow Ireland,Ireland
87,1354103320315617283,1354103320315617283,"Truro, England",United Kingdom
88,1354075700140134401,1354075700140134401,"Delft, the Netherlands",Netherlands
89,1354054944899395585,1354054944899395585,Not Available,Unknown
90,1354017092471668736,1354017092471668736,Maldives,Maldives
91,1354016016662024192,1354016016662024192,"Sydney, Australia.",Australia
92,1353997222136963073,1353997222136963073,Nigeria,Nigeria
93,1353990478862155777,1353990478862155777,Nigeria,Nigeria
94,1353985440970399744,1353985440970399744,Nigeria,Nigeria
95,1353981843918499840,1353981843918499840,Nigeria,Nigeria
96,1353976796165906433,1353976796165906433,Nigeria,Nigeria
97,1353975785636438016,1353975785636438016,Nigeria,Nigeria
98,1353958661169680384,1353958661169680384,"Seattle, WA",United States
99,1353956745920475136,1353956745920475136,Not Available,Unknown
100,1353929313347747842,1353929313347747842,Australia,Australia
101,1353923470988435457,1353923470988435457,Australia,Australia
102,1353882894310248448,1353882894310248448,"Rhône-Alpes, France",France
103,1353827338799247362,1353827338799247362,Not Available,Unknown
104,1353817185731432450,1353817185731432450,Worldwide,Unknown
105,1353803252815564803,1353803252815564803,Canada,Canada
106,1353787253198368775,1353787253198368775,Washington DC,United States
107,1353785962594246658,1353785962594246658,Not Available,Unknown
108,1353784285006680064,1353784285006680064,"Irvine, California",United States
109,1353771914058149892,1353771914058149892,We Are Everywhere,Unknown
110,1353752369754824704,1353752369754824704,"WenNinglvr, location",Unknown
111,1353738130097119236,1353738130097119236,"Newtown, PA",United States
112,1353736289636519937,1353736289636519937,"Warrington, England",United Kingdom
113,1353736184141373441,1353736184141373441,"Warrington, England",United Kingdom
114,1353730044732956674,1353730044732956674,"Austin, TX",United States
115,1353717828210348032,1353717828210348032,United States,United States
116,1353679120950046721,1353679120950046721,London,United Kingdom
117,1353667378022920192,1353667378022920192,Monaco,Monaco
118,1353665036091318272,1353665036091318272,Not Available,Unknown
119,1353651876949061633,1353651876949061633,"Odder, Danmark",Denmark
120,1353470366774157312,1353470366774157312,Toronto area,Canada
121,1353447666261356549,1353447666261356549,United States,United States
122,1353412636105461760,1353412636105461760,Colombia,Colombia
123,1353409640076337152,1353409640076337152,Not Available,Unknown
124,1353383059891040258,1353383059891040258,"HQ - Arlington, VA",United States
125,1353374594980311043,1353374594980311043,Not Available,Unknown
126,1353366730681307136,1353366730681307136,He/Him We/Us/Ours,Unknown
127,1353350195803729921,1353350195803729921,New York City,United States
128,1353300734784065537,1353300734784065537,"London, UK",United Kingdom
129,1353242844870406144,1353242844870406144,Not Available,Unknown
130,1353205194050289664,1353205194050289664,THE OTHER REALM,Unknown
131,1353195263050076160,1353195263050076160,Not Available,Unknown
132,1353194425112014849,1353194425112014849,"Southfield, MI",United States
133,1353181028970602496,1353181028970602496,Not Available,Unknown
134,1353130375321587712,1353130375321587712,Not Available,Unknown
135,1353034781710307330,1353034781710307330,"Key Largo, FL",United States
136,1353026900571152387,1353026900571152387,"Murrells Inlet, SC",United States
137,1353006406048354304,1353006406048354304,Not Available,Unknown
138,1352981926320214016,1352981926320214016,Brussels,Belgium
139,1352979401596538880,1352979401596538880,"Lexington, MA",United States
140,1352959754088407040,1352959754088407040,"Rochester, NY",United States
141,1352946118066384896,1352946118066384896,Not Available,Unknown
142,1352938979281178624,1352938979281178624,India,India
143,1352932383557898240,1352932383557898240,"Doha, Qatar",Qatar
144,1352916338839269376,1352916338839269376,Freetown,Sierra Leone
145,1352908434203504640,1352908434203504640,Bali,Indonesia
146,1352847995327414277,1352847995327414277,Mid-Atlantic,Unknown
147,1352828995142733826,1352828995142733826,Kincardine Ontario Canada,Canada
148,1352822731687874560,1352822731687874560,Not Available,Unknown
149,1352811849834655746,1352811849834655746,Not Available,Unknown
150,1352791504394145792,1352791504394145792,"Oslo, Norway",Norway
151,1352789909258588160,1352789909258588160,Chicago,United States
152,1352784838957346822,1352784838957346822,Not Available,Unknown
153,1352767198708834309,1352767198708834309,"Vladivostok, Russia",Russia
154,1352765957026942977,1352765957026942977,Not Available,Unknown
155,1352759521723219968,1352759521723219968,"Paris, France",France
156,1352737597106368512,1352737597106368512,München,Germany
157,1352734323624042497,1352734323624042497,Not Available,Unknown
158,1352733763952914432,1352733763952914432,Not Available,Unknown
159,1352721437195333633,1352721437195333633,"Melbourne, Victoria",Australia
160,1352719598303502337,1352719598303502337,Not Available,Unknown
161,1352715899346640897,1352715899346640897,"Los Angeles, CA",United States
162,1352715156787138560,1352715156787138560,Not Available,Unknown
163,1352713578273517570,1352713578273517570,"ID, UT, CA, KS, CT",United States
164,1352701327097405445,1352701327097405445,"Whitby, Ontario, Canada",Canada
165,1352692599405105153,1352692599405105153,"Bonn, Germany",Germany
166,1352670788738932737,1352670788738932737,"College Park, MD",United States
167,1352663318742228993,1352663318742228993,"Sarasota, FL",United States
168,1352655694076456961,1352655694076456961,"New York, USA",United States
169,1352654399244480515,1352654399244480515,Not Available,Unknown
170,1352651073958379520,1352651073958379520,"South West, England",United Kingdom
171,1352649082926489600,1352649082926489600,"Brighton, England",United Kingdom
172,1352644600893214725,1352644600893214725,"Brighton, England",United Kingdom
173,1352641092479377409,1352641092479377409,swimming in oceans,Unknown
174,1352636696714649600,1352636696714649600,"Raleigh, NC",United States
175,1352630483939549187,1352630483939549187,PracticalAction,Unknown
176,1352617636069216261,1352617636069216261,San Francisco Bay,United States
177,1352616216796540929,1352616216796540929,"Boston, MA",United States
178,1352615606676320256,1352615606676320256,Vermont,United States
179,1352611646087307268,1352611646087307268,"Atlantic, Pacific, Indian, Arctic, & Southern Oceans",Unknown
180,1352609413371195395,1352609413371195395,Not Available,Unknown
181,1352604029285789697,1352604029285789697,Not Available,Unknown
182,1352598621317959681,1352598621317959681,Not Available,Unknown
183,1357852007135027202,1357852007135027202,"Victoria, B.C.",Canada
184,1357845645000921093,1357845645000921093,"Miami, FL",United States
185,1357839359483858946,1357839359483858946,Greater Houston; 59% Irish,Unknown
186,1357825006982606849,1357825006982606849,"Conception Bay Sth, NL, Canada",Canada
187,1357807966448021506,1357807966448021506,University of Miami,United States
188,1357804318754275337,1357804318754275337,"Koh Tao, Thailand",Thailand
189,1357718404438888449,1357718404438888449,Not Available,Unknown
190,1357713750976065545,1357713750976065545,USA,United States
191,1357702630458466307,1357702630458466307,"Bronx, New York",United States
192,1357702142027530248,1357702142027530248,Not Available,Unknown
193,1357682459098439689,1357682459098439689,Not Available,Unknown
194,1357677893669724166,1357677893669724166,Australia,Australia
195,1357673900948258819,1357673900948258819,"Sydney, Australia",Australia
196,1357664926840590340,1357664926840590340,Not Available,Unknown
197,1357663407420432385,1357663407420432385,Oxford,United Kingdom
198,1357644211479281665,1357644211479281665,London and Brighton,United Kingdom
199,1357642826532741120,1357642826532741120,"Villefranche-sur-Mer, France",France
200,1357638599794167809,1357638599794167809,"Washington, DC",United States
201,1357611105347018753,1357611105347018753,Not Available,Unknown
202,1357569910935805954,1357569910935805954,Stockholm,Sweden
203,1357531251716988931,1357531251716988931,Not Available,Unknown
204,1357479373473988608,1357479373473988608,"Malibu, CA",United States
205,1357344382332985347,1357344382332985347,Not Available,Unknown
206,1357317445128753153,1357317445128753153,Mid-Atlantic,Unknown
207,1357305817654042624,1357305817654042624,Ethiopia,Ethiopia
208,1357302128751042560,1357302128751042560,Boston,United States
209,1357270194297700359,1357270194297700359,Not Available,Unknown
210,1357243002482229249,1357243002482229249,South Africa,South Africa
211,1357145378794078209,1357145378794078209,Worldwide,Unknown
212,1357128561514196992,1357128561514196992,Florida Keys,United States
213,1357123412083187713,1357123412083187713,México,Mexico
214,1357120197019250688,1357120197019250688,"Key Largo, FL",United States
215,1357105084044353536,1357105084044353536,"Washington, D.C.",United States
216,1357098174020784129,1357098174020784129,Not Available,Unknown
217,1357069112342642688,1357069112342642688,Fort Lauderdale,United States
218,1357052192474161154,1357052192474161154,"New York, NY",United States
219,1357043035624906752,1357043035624906752,"Tromsø, Norway",Norway
220,1357026631009923072,1357026631009923072,"San Francisco, CA",United States
221,1357022029136953346,1357022029136953346,"Boston, MA",United States
222,1357018764512874497,1357018764512874497,"Washington, DC",United States
223,1357002042389106695,1357002042389106695,Los Angeles,United States
224,1356996424102268928,1356996424102268928,"Orono, ME",United States
225,1356994615207936009,1356994615207936009,"Grand Junction, CO",United States
226,1356960681040384004,1356960681040384004,Egypt,Egypt
227,1356957047556886534,1356957047556886534,"Sioux Falls, SD",United States
228,1356942937624629250,1356942937624629250,"Monaco, Indonesia, Australia",Unknown
229,1356717925772615686,1356717925772615686,Not Available,Unknown
230,1356714327202541571,1356714327202541571,"Brighton, England",United Kingdom
231,1356709351847825410,1356709351847825410,On a server somewhere,Unknown
232,1356696055715258369,1356696055715258369,"College Park, MD",United States
233,1356687696048115716,1356687696048115716,"College Station, TX",United States
234,1356672040200269824,1356672040200269824,"Virginia, USA",United States
235,1356668577097605120,1356668577097605120,"Camden, New Jersey",United States
236,1356665197256204288,1356665197256204288,"Koh Tao, Thailand",Thailand
237,1356644870186799106,1356644870186799106,"Maryland, USA",United States
238,1356642058119729152,1356642058119729152,"Wangunk land, Middletown CT",United States
239,1356631759501357056,1356631759501357056,"Atlanta, GA",United States
240,1356625884288057344,1356625884288057344,Not Available,Unknown
241,1356623429433139202,1356623429433139202,Not Available,Unknown
242,1356605023237586950,1356605023237586950,"Atlantic, Pacific, Indian, Arctic, & Southern Oceans",Unknown
243,1356603285143224320,1356603285143224320,"Sydney, London, Tokyo, Boston",Unknown
244,1356603219326210049,1356603219326210049,Not Available,Unknown
245,1356556521027620864,1356556521027620864,Not Available,Unknown
246,1356551845431312385,1356551845431312385,Not Available,Unknown
247,1356533121643077633,1356533121643077633,"Monaco, Indonesia, Australia",Unknown
248,1356502038599897088,1356502038599897088,"Mombasa, Kenya",Kenya
249,1356483672266792960,1356483672266792960,"Missoula , Montana",United States
250,1356475016116920322,1356475016116920322,Not Available,Unknown
251,1356393884515897346,1356393884515897346,"Kumeyaay Land – San Diego, CA",United States
252,1356382643420540931,1356382643420540931,"TX, CA, ME, MD, NH & Ontario",United States
253,1356311690791497728,1356311690791497728,Not Available,Unknown
254,1356289491623936001,1356289491623936001,Paris,France
255,1356239385847595009,1356239385847595009,Washington DC & Worldwide,United States
256,1356233151048278017,1356233151048278017,Not Available,Unknown
257,1356206159343054853,1356206159343054853,Not Available,Unknown
258,1356186335657254915,1356186335657254915,Jamaica- Trinidad &Tobago,Unknown
259,1356169884607143937,1356169884607143937,Mid-Atlantic,Unknown
260,1356154071200264194,1356154071200264194,"Lusaka, Zambia",Zambia
261,1356152726753845250,1356152726753845250,Catalunya,Spain
262,1356111613741379584,1356111613741379584,"Yerevan, Armenia",Armenia
263,1356105602200698880,1356105602200698880,The Boundless Sea,Unknown
264,1356099283989262338,1356099283989262338,"Queensbury, NY",United States
265,1356094856142024704,1356094856142024704,Maldives,Maldives
266,1355988692553363461,1355988692553363461,"Taylor, Texas",United States
267,1355985373944406020,1355985373944406020,Forever Himalayas....,Unknown
268,1355985117051641857,1355985117051641857,"Kuring-Gai, Australia",Australia
269,1355983958710882304,1355983958710882304,"Leeds, England",United Kingdom
270,1355935929551216645,1355935929551216645,"Taylor, Texas",United States
271,1355932860931256322,1355932860931256322,Not Available,Unknown
272,1355919908408877061,1355919908408877061,"Athens, Greece",Greece
273,1355890105429450754,1355890105429450754,"Key Largo, FL",United States
274,1355875936521121792,1355875936521121792,"Plymouth, England",United Kingdom
275,1355866180318339073,1355866180318339073,Jamaica- Trinidad &Tobago,Unknown
276,1355866087989125121,1355866087989125121,Jamaica- Trinidad &Tobago,Unknown
277,1355772783742111752,1355772783742111752,Not Available,Unknown
278,1355717910409342979,1355717910409342979,Not Available,Unknown
279,1355707088752701444,1355707088752701444,Not Available,Unknown
280,1360674394243227649,1360674394243227649,"East Lansing, MI",United States
281,1360651464977371141,1360651464977371141,"Koh Tao, Thailand",Thailand
282,1360634508148695042,1360634508148695042,"East Lansing, MI",United States
283,1360624775190749189,1360624775190749189,Not Available,Unknown
284,1360590398150836232,1360590398150836232,Paris,France
285,1360560541421481986,1360560541421481986,UK,United Kingdom
286,1360532164929028096,1360532164929028096,Under the sea,Unknown
287,1360526881146220544,1360526881146220544,"Washington, DC",United States
288,1360491133525127170,1360491133525127170,Håfa adai from Guam!,Guam
289,1360472913292513282,1360472913292513282,United Kingdom,United Kingdom
290,1360334995710124032,1360334995710124032,"Irvine, CA",United States
291,1360303413507092482,1360303413507092482,Grand Cayman & Pittsburgh PA,United States
292,1360294676708925444,1360294676708925444,Not Available,Unknown
293,1360287709919518723,1360287709919518723,"Washington, DC",United States
294,1360270356074889216,1360270356074889216,Not Available,Unknown
295,1360228348874612736,1360228348874612736,Cayman Islands,Cayman Islands
296,1360226518606245897,1360226518606245897,"Milton Keynes, England",United Kingdom
297,1360203662279266304,1360203662279266304,"Orlando, FL",United States
298,1360195970529714177,1360195970529714177,Not Available,Unknown
299,1360180296151429121,1360180296151429121,UK,United Kingdom
300,1360083389185888262,1360083389185888262,"Auckland, Sydney",Australia
301,1360075606247968773,1360075606247968773,Great Barrier Reef,Australia
302,1360069598830231556,1360069598830231556,"Hawaii, USA",United States
303,1360027519437709312,1360027519437709312,Not Available,Unknown
304,1359994918836535299,1359994918836535299,Planet Earth,Unknown
305,1359986871921766400,1359986871921766400,70 miles west of Key West,United States
306,1359980931805712387,1359980931805712387,"Sunshine Coast, Australia",Australia
307,1359911578691371012,1359911578691371012,"Sant Just Desvern, Catalonia",Spain
308,1359886643155640320,1359886643155640320,"Key Largo, FL",United States
309,1359874015993683968,1359874015993683968,"New York, NY",United States
310,1359862572023963648,1359862572023963648,"Cambridge, UK",United Kingdom
311,1359743719642189825,1359743719642189825,"Townsville, Australia",Australia
312,1359695434042593281,1359695434042593281,Hong Kong,China
313,1359638680122650631,1359638680122650631,Not Available,Unknown
314,1359608095698259970,1359608095698259970,Not Available,Unknown
315,1359525158222970890,1359525158222970890,Not Available,Unknown
316,1359515083018272768,1359515083018272768,Not Available,Unknown
317,1359461452273225736,1359461452273225736,14 || she/her,Unknown
318,1359452478517960706,1359452478517960706,Paris,France
319,1359434497515741184,1359434497515741184,Global,Unknown
320,1359424216416845828,1359424216416845828,"Nakuru, Kenya",Kenya
321,1359382789024436225,1359382789024436225,Hong Kong,China
322,1359353890857222145,1359353890857222145,Not Available,Unknown
323,1359351255403925507,1359351255403925507,California,United States
324,1359307024656306182,1359307024656306182,Sri Lanka #upcountry,Sri Lanka
325,1359298391377870851,1359298391377870851,Not Available,Unknown
326,1359280482823917570,1359280482823917570,Not Available,Unknown
327,1359263920372944896,1359263920372944896,"Perth, Western Australia",Australia
328,1359253741040328707,1359253741040328707,United States,United States
329,1359252311155957761,1359252311155957761,Not Available,Unknown
330,1359249628068257807,1359249628068257807,Not Available,Unknown
331,1359247351164985344,1359247351164985344,Australia,Australia
332,1359220875682324484,1359220875682324484,Nairobi,Kenya
333,1359198255117201409,1359198255117201409,"Boscombe UK, bwo the Caribbean",Australia
334,1359162925085315073,1359162925085315073,Not Available,Unknown
335,1359157209087832065,1359157209087832065,WorldWide,Unknown
336,1359154864186621967,1359154864186621967,Monaco,Monaco
337,1359114364356333572,1359114364356333572,"Tampa, FL",United States
338,1359108924020908032,1359108924020908032,Maldives,Maldives
339,1359099089422585856,1359099089422585856,Not Available,Unknown
340,1359083576529018882,1359083576529018882,Sapporo,Japan
341,1359071700860682241,1359071700860682241,University of Exeter,United Kingdom
342,1359062259016683520,1359062259016683520,3rd Rock from the Sun!,Unknown
343,1358997039854456832,1358997039854456832,Canberra,Australia
344,1358957723170209793,1358957723170209793,"Hobart, Tasmania",Australia
345,1358911322700853248,1358911322700853248,Not Available,Unknown
346,1358902530571268099,1358902530571268099,Last Frontier - North of 61°,Unknown
347,1358892202944983042,1358892202944983042,Coconut Island (Moku o Loʻe),United States
348,1358870052708233219,1358870052708233219,Not Available,Unknown
349,1358848288569446400,1358848288569446400,"Pawtucket, Massachusett lands",United States
350,1358783956536094720,1358783956536094720,Los Angeles,United States
351,1358714659180843009,1358714659180843009,Not Available,Unknown
352,1358705917123039233,1358705917123039233,Paris,France
353,1358637349685481472,1358637349685481472,Mumbai,India
354,1358577478747512833,1358577478747512833,"Duke Nukem, NM",United States
355,1358557518050570242,1358557518050570242,"New Jersey, USA",United States
356,1358552344485646338,1358552344485646338,Planet Earth,Unknown
357,1358501272752644097,1358501272752644097,"Paris, Île de France",France
358,1358460740378779650,1358460740378779650,Florida Keys,United States
359,1358447679819366404,1358447679819366404,Ireland & on a plane soon!,Unknown
360,1358432611857821703,1358432611857821703,Not Available,Unknown
361,1358283812841676802,1358283812841676802,Mid-Atlantic,Unknown
362,1358119454236901376,1358119454236901376,"Brooklyn, NY",United States
363,1358113360391401476,1358113360391401476,Not Available,Unknown
364,1358108972952285185,1358108972952285185,"Key Largo, FL",United States
365,1358078006657441792,1358078006657441792,Not Available,Unknown
366,1357996317813964800,1357996317813964800,Ireland,Ireland
367,1362945395144486913,1362945395144486913,Not Available,Unknown
368,1362791871647481863,1362791871647481863,Earth,Unknown
369,1362779083059429378,1362779083059429378,"Koh Tao, Thailand",Thailand
370,1362778972505964548,1362778972505964548,Canada,Canada
371,1362676832051560449,1362676832051560449,Not Available,Unknown
372,1362667791262887936,1362667791262887936,"Edinburgh, Scotland",United Kingdom
373,1362665303902195715,1362665303902195715,"Edinburgh, Scotland",United Kingdom
374,1362651228723814405,1362651228723814405,west coast,United States
375,1362635682959691776,1362635682959691776,Not Available,Unknown
376,1362634006903349252,1362634006903349252,Not Available,Unknown
377,1362559180595322882,1362559180595322882,Australia,Australia
378,1362552612126613505,1362552612126613505,Not Available,Unknown
379,1362493589821956096,1362493589821956096,"Honolulu, Hawaii",United States
380,1362491541470781454,1362491541470781454,Not Available,Unknown
381,1362470428351098885,1362470428351098885,Not Available,Unknown
382,1362463932334501888,1362463932334501888,"Lincoln, NE",United States
383,1362452277718564866,1362452277718564866,"Bogotá, D.C., Colombia and UK.",Unknown
384,1362439382041563137,1362439382041563137,"New York, NY 10022",United States
385,1362435055818309635,1362435055818309635,Not Available,Unknown
386,1362432842660278281,1362432842660278281,California & Mombasa Kenya,Unknown
387,1362427949182554117,1362427949182554117,"Madison, WI / Global",Unknown
388,1362423444952997892,1362423444952997892,"East Lansing, MI",United States
389,1362418249439313925,1362418249439313925,"Montréal, Québec",Canada
390,1362414061028335616,1362414061028335616,"Durham, NH, USA",United States
391,1362409024847810564,1362409024847810564,"Bogotá, D.C., Colombia and UK.",Unknown
392,1362406334105288704,1362406334105288704,"Newcastle upon Tyne, UK",United Kingdom
393,1362393965178331139,1362393965178331139,"Key Largo, FL",United States
394,1362371857811267585,1362371857811267585,Not Available,Unknown
395,1362220119376674816,1362220119376674816,Not Available,Unknown
396,1362205904339300357,1362205904339300357,"Watford, England",United Kingdom
397,1362176450821042184,1362176450821042184,"Toulon, France",France
398,1362148762618126341,1362148762618126341,Not Available,Unknown
399,1362146818331713536,1362146818331713536,"Baltimore, MD",United States
400,1362121947698454528,1362121947698454528,"Pasadena, CA",United States
401,1362121366317772806,1362121366317772806,"Portsmouth, UK",United Kingdom
402,1362101709988892673,1362101709988892673,Florida,United States
403,1362098873209139206,1362098873209139206,"Glasgow, Scotland",United Kingdom
404,1362097124993863682,1362097124993863682,Not Available,Unknown
405,1362095920502964228,1362095920502964228,18| she/her| kenny,Unknown
406,1362085730542104579,1362085730542104579,"Key Largo, FL",United States
407,1362077336775127042,1362077336775127042,University of Rochester,United States
408,1362043880435298308,1362043880435298308,Isle of Man,Isle of Man
409,1362033514544320515,1362033514544320515,"Edinburgh, sometimes",United Kingdom
410,1362000224080732162,1362000224080732162,Singapore,Singapore
411,1361993406562631683,1361993406562631683,NW London,United Kingdom
412,1361971975103643649,1361971975103643649,"Mombasa, Kenya",Kenya
413,1361956042389606400,1361956042389606400,Australia,Australia
414,1361951596473585665,1361951596473585665,"sydney, australia",Australia
415,1361946359255818240,1361946359255818240,Chennai and The Netherlands,Unknown
416,1361938389138763776,1361938389138763776,Australia,Australia
417,1361917523164340224,1361917523164340224,"Florida, USA",United States
418,1361911087969406978,1361911087969406978,Earth,Unknown
419,1361904481055703042,1361904481055703042,Not Available,Unknown
420,1361875787310198793,1361875787310198793,Not Available,Unknown
421,1361864928823500801,1361864928823500801,"London, UK",United Kingdom
422,1361854791228428290,1361854791228428290,Australia,Australia
423,1361835248284278786,1361835248284278786,Not Available,Unknown
424,1361831399414779904,1361831399414779904,"Toulon, France",France
425,1361830151525339136,1361830151525339136,Australia,Australia
426,1361828113370537989,1361828113370537989,East Coast USA for now,United States
427,1361812424345665538,1361812424345665538,"Bloomington, IN",United States
428,1361811512113983492,1361811512113983492,"Toronto, Ontario",Canada
429,1361785106994716676,1361785106994716676,"Baltimore, MD",United States
430,1361723569789669376,1361723569789669376,"Lmaoville, ahahaburg",Unknown
431,1361713806204895236,1361713806204895236,"Fort Lauderdale, FL",United States
432,1361713498292707328,1361713498292707328,"Fort Lauderdale, FL",United States
433,1361712254392143872,1361712254392143872,"Fort Lauderdale, FL",United States
434,1361692444472057859,1361692444472057859,Washington D.C.,United States
435,1361674489772310530,1361674489772310530,"Tampa, FL",United States
436,1361649946550673416,1361649946550673416,"London , UK",United Kingdom
437,1361595177488420867,1361595177488420867,"Seattle, WA",United States
438,1361580238900105218,1361580238900105218,Singapore,Singapore
439,1361566347705090049,1361566347705090049,Not Available,Unknown
440,1361545302625427456,1361545302625427456,Mid-Atlantic,Unknown
441,1361518677926043649,1361518677926043649,En el paraiso de la libertad,Unknown
442,1361480665070411776,1361480665070411776,Not Available,Unknown
443,1361439070241624068,1361439070241624068,"Massachusetts, USA",United States
444,1361408970473107457,1361408970473107457,Not Available,Unknown
445,1361370877594660867,1361370877594660867,Not Available,Unknown
446,1361314570049052677,1361314570049052677,Monaco,Monaco
447,1361301562170224642,1361301562170224642,Kenya,Kenya
448,1361281813474398208,1361281813474398208,UK,United Kingdom
449,1361224244206723073,1361224244206723073,"Brussels, Belgium",Belgium
450,1361116289792638979,1361116289792638979,"Maine, USA",United States
451,1360996383113818113,1360996383113818113,"Brooklyn, NY",United States
452,1360988890962788355,1360988890962788355,"Atlantic, Pacific, Indian, Arctic, & Southern Oceans",Unknown
453,1373999546951462919,1373999546951462919,Not Available,Unknown
454,1373985584952188930,1373985584952188930,www.zyite.com,Unknown
455,1373976752796602381,1373976752796602381,Canada,Canada
456,1373970289508384770,1373970289508384770,InCatNegro,Unknown
457,1373960572639789058,1373960572639789058,"Monaco, Indonesia, Australia",Unknown
458,1373958650302230530,1373958650302230530,Not Available,Unknown
459,1373942108222976004,1373942108222976004,India / Malaysia,Unknown
460,1373928515205275648,1373928515205275648,"Patna, India",India
461,1373878074261925895,1373878074261925895,Maldives,Maldives
462,1373871272854126602,1373871272854126602,"Sydney, New South Wales",United Kingdom
463,1373863932809547776,1373863932809547776,Not Available,Unknown
464,1373860572094033921,1373860572094033921,Melbourne - Beirut - DC,Unknown
465,1373853122716663808,1373853122716663808,"DC/Piscataway, Anacostan Lands",United States
466,1373841415000649731,1373841415000649731,"Melbourne, Victoria",Australia
467,1373760081939030020,1373760081939030020,ישראל,Unknown
468,1373753274092847104,1373753274092847104,Magnetic Island,Australia
469,1373751341768601600,1373751341768601600,Not Available,Unknown
470,1373750120068521985,1373750120068521985,"Hobart, Tasmania",Australia
471,1373702528311816194,1373702528311816194,Polynésie Française,French Polynesia
472,1373696424773365765,1373696424773365765,Gulf area of southern U.S.,United States
473,1373651890827886597,1373651890827886597,"Key Largo, FL",United States
474,1373619581403627525,1373619581403627525,"Male, Maldives",Maldives
475,1373591447828525056,1373591447828525056,Sydney Australia,Australia
476,1373585719898243073,1373585719898243073,Republic of the Philippines,Philippines
477,1373490644576993284,1373490644576993284,Chennai,India
478,1373323467924279299,1373323467924279299,Manila,Philippines
479,1373294824162537474,1373294824162537474,"Champagne, IL",United States
480,1373192359270215680,1373192359270215680,"Santa Monica, CA",United States
481,1373158185767473158,1373158185767473158,"Nr Edinburgh, Scotland, UK",United Kingdom
482,1373157359288119298,1373157359288119298,Chennai,India
483,1373079069701595144,1373079069701595144,Not Available,Unknown
484,1373071513750892551,1373071513750892551,She/Her,Unknown
485,1373064786150187008,1373064786150187008,Not Available,Unknown
486,1373010387185111050,1373010387185111050,"Nacotchtank (Washington, DC)",United States
487,1373003498774691842,1373003498774691842,Christchurch New Zealand,New Zealand
488,1372996552688594951,1372996552688594951,Not Available,Unknown
489,1372949637720596483,1372949637720596483,"Natal, Brasil",Brazil
490,1372930887680192520,1372930887680192520,Not Available,Unknown
491,1372839095240654853,1372839095240654853,Not Available,Unknown
492,1372824629501435904,1372824629501435904,Mid-Atlantic,Unknown
493,1372769563863961603,1372769563863961603,"Maryland, USA",United States
494,1372741462610313218,1372741462610313218,23 · she/her,Unknown
495,1372713843198193669,1372713843198193669,poopoo factory,Unknown
496,1372698852160065537,1372698852160065537,"Virginia, USA",United States
497,1372636381223084034,1372636381223084034,"Ōtautahi, Shaky Isles",Unknown
498,1372612634407628803,1372612634407628803,Not Available,Unknown
499,1372612575763050504,1372612575763050504,"Maryland, USA",United States
500,1372578347209912324,1372578347209912324,Pale Blue Dot,Unknown
501,1372573847636033544,1372573847636033544,"Róterdam, Holanda",Netherlands
502,1372559822860779521,1372559822860779521,"Greensboro, NC",United States
503,1372508594323738624,1372508594323738624,Under the sea,Unknown
504,1372501677534814209,1372501677534814209,"West Chester, Ohio",United States
505,1372432441097420800,1372432441097420800,"Newcastle, Australia",Australia
506,1372397630572134402,1372397630572134402,"Mombasa, Kenya",Kenya
507,1372389899886854147,1372389899886854147,Planet Earth,Unknown
508,1372374936669483010,1372374936669483010,pls fw b/up ac Supportindiafa,Unknown
509,1372364100190281728,1372364100190281728,"Louisville, KY",United States
510,1372340043788951552,1372340043788951552,Washington D.C.,United States
511,1372315247810375682,1372315247810375682,"Washington, DC",United States
512,1372307305119821825,1372307305119821825,Shetland,United Kingdom
513,1372270864469737477,1372270864469737477,Brazil,Brazil
514,1372242266908135425,1372242266908135425,Florida State University,United States
515,1372226796859625477,1372226796859625477,United States of America,United States
516,1372221106946506759,1372221106946506759,UK,United Kingdom
517,1372217474876280835,1372217474876280835,"Mountain View, CA",United States
518,1372212624377667584,1372212624377667584,"Tallahassee, Florida",United States
519,1372189294513688585,1372189294513688585,Not Available,Unknown
520,1372188394948759557,1372188394948759557,Mundi Salutem,Unknown
521,1372186926833225731,1372186926833225731,Mundi Salutem,Unknown
522,1372127840062279681,1372127840062279681,Netherlands,Netherlands
523,1372081347712327680,1372081347712327680,Not Available,Unknown
524,1372080866294398982,1372080866294398982,UK,United Kingdom
525,1372045080408645635,1372045080408645635,ph,Unknown
526,1372036209774592001,1372036209774592001,4TEEN !? SHE%HER,Unknown
527,1372029284915671048,1372029284915671048,"Banda Islands, Indonesia",Indonesia
528,1371999590556168194,1371999590556168194,"Chennai, India",India
529,1371960694946418688,1371960694946418688,Not Available,Unknown
530,1371930358221041665,1371930358221041665,The Moon,Unknown
531,1371899625154744327,1371899625154744327,"Tallahassee, Fla.",United States
532,1371871715299590147,1371871715299590147,"New Ipswich, New Hampshire",United States
533,1371860423696379906,1371860423696379906,Enjoying the view,Unknown
534,1371839950799450115,1371839950799450115,Not Available,Unknown
535,1371821606142668801,1371821606142668801,Not Available,Unknown
536,1371816165899702276,1371816165899702276,"Washington DC, USA",United States
537,1371808971133227010,1371808971133227010,"Nacotchtank (Washington, DC)",United States
538,1371792928960561156,1371792928960561156,The Moon,Unknown
539,1371778404542939145,1371778404542939145,Not Available,Unknown
540,1371756902024151041,1371756902024151041,"Jakarta, Indonesia",Indonesia
541,1371716075071680513,1371716075071680513,World wide,Unknown
542,1371682266930352131,1371682266930352131,Not Available,Unknown
543,1371671379679059972,1371671379679059972,"Key Largo, FL",United States
544,1371665161803558916,1371665161803558916,"Hilo, Hawaii",United States
545,1371662726389465091,1371662726389465091,Republic of Mauritius,Mauritius
546,1371599300455755783,1371599300455755783,Not Available,Unknown
547,1371581976105250819,1371581976105250819,"Washington, DC",United States
548,1371554667239407617,1371554667239407617,"Victoria, BC Canada",Canada
549,1371543722924593155,1371543722924593155,"Nacotchtank (Washington, DC)",United States
550,1371494101955317766,1371494101955317766,"Mission2030Y, location",Unknown
551,1371476897499070471,1371476897499070471,"Maryland, USA",United States
552,1371454908336111616,1371454908336111616,"Atlantic, Pacific, Indian, Arctic, & Southern Oceans",Unknown
553,1371426137067421705,1371426137067421705,"Leipzig, Germany",Germany
554,1371424523761881088,1371424523761881088,Not Available,Unknown
555,1371422165166395392,1371422165166395392,"Sydney, Australia",Australia
556,1371396875631362049,1371396875631362049,"Nairobi, Kenya",Kenya
557,1371303454061305856,1371303454061305856,"Dubai, UAE",United Arab Emirates
558,1371302643046420480,1371302643046420480,Tokyo,Japan
559,1371236082013048842,1371236082013048842,ArrecifesCoral,Unknown
560,1371219371968827392,1371219371968827392,"Cornwall, UK",United Kingdom
561,1376315726701674497,1376315726701674497,"Chicago, IL",United States
562,1376306922845044741,1376306922845044741,Ohio,United States
563,1376252608483065856,1376252608483065856,University of Waterloo,Canada
564,1376246473264930822,1376246473264930822,"Silver Spring, MD",United States
565,1376202471148818505,1376202471148818505,Not Available,Unknown
566,1376194870331633667,1376194870331633667,Venezuela,Venezuela
567,1376174902080864262,1376174902080864262,"Brighton, MA",United States
568,1375913196603723777,1375913196603723777,"Newcastle, United Kingdom",United Kingdom
569,1375881614719352841,1375881614719352841,"Key West, FL",United States
570,1375860934212775939,1375860934212775939,"Key Largo, FL",United States
571,1375843621425934337,1375843621425934337,"Fresno, CA",United States
572,1375835003007852546,1375835003007852546,Republic of the Philippines,Philippines
573,1375717354861043717,1375717354861043717,India / Malaysia,Unknown
574,1375578312160911360,1375578312160911360,8415 W Third St Los Angeles CA,United States
575,1375537488928899087,1375537488928899087,insta,Unknown
576,1375523205780275205,1375523205780275205,"State College, PA",United States
577,1375520694398824448,1375520694398824448,Busalletta (GE) Italy,Italy
578,1375512285729366019,1375512285729366019,"Chester, England",United Kingdom
579,1375494432171073537,1375494432171073537,Washington State,United States
580,1375492744018161667,1375492744018161667,"Washington, DC",United States
581,1375485378933649408,1375485378933649408,"Atlanta, GA",United States
582,1375464370164097028,1375464370164097028,"Plentzia, Basque Country",Spain
583,1375399151094149125,1375399151094149125,Not Available,Unknown
584,1375354110485102599,1375354110485102599,Not Available,Unknown
585,1375345305495867396,1375345305495867396,Earth,Unknown
586,1375319016386953216,1375319016386953216,Not Available,Unknown
587,1375296461181571084,1375296461181571084,Phoenix Arizona,United States
588,1375292996170567682,1375292996170567682,"Kennesaw, GA",United States
589,1375289590337052676,1375289590337052676,Not Available,Unknown
590,1375255719398629378,1375255719398629378,Australia,Australia
591,1375255408068194315,1375255408068194315,Not Available,Unknown
592,1375242497446776834,1375242497446776834,Dallas/Houston,United States
593,1375209125613813773,1375209125613813773,"London, England",United Kingdom
594,1375204654544420865,1375204654544420865,Boulogne-sur-Mer,France
595,1375203304494481410,1375203304494481410,"Michigan, USA",United States
596,1375182632359763984,1375182632359763984,Not Available,Unknown
597,1375154071053729798,1375154071053729798,A place thats on fire.,Unknown
598,1375134232402665478,1375134232402665478,"Redlands, CA USA",United States
599,1375110724905656325,1375110724905656325,Naha,Japan
600,1375107063483891718,1375107063483891718,Not Available,Unknown
601,1375086875011088389,1375086875011088389,"Monaco, Indonesia, Australia",Unknown
602,1375083778759143425,1375083778759143425,"Villanova, USA",United States
603,1375083288210051073,1375083288210051073,"Pennsylvania, USA",United States
604,1374973382828171275,1374973382828171275,Karachi,Pakistan
605,1374920635659522050,1374920635659522050,"Seattle, WA",United States
606,1374902261189472257,1374902261189472257,"Sydney, Australia",Australia
607,1374901171643555844,1374901171643555844,New Zealand,New Zealand
608,1374889023102091266,1374889023102091266,8415 W Third St Los Angeles CA,United States
609,1374871417167118337,1374871417167118337,United States,United States
610,1374868322265653248,1374868322265653248,"Brentwood, Essex",United Kingdom
611,1374867787873574915,1374867787873574915,"Sydney, Australia",Australia
612,1374858602561818632,1374858602561818632,South Coast NSW,Australia
613,1374848930907783170,1374848930907783170,Canada,Canada
614,1374848642637471744,1374848642637471744,Canada,Canada
615,1374847005260800008,1374847005260800008,Worldwide,Unknown
616,1374830910277701636,1374830910277701636,"Maryland, USA",United States
617,1374750941623238658,1374750941623238658,"El Paso, Texas",United States
618,1374718085693911040,1374718085693911040,Under the sea,Unknown
619,1374698458376933379,1374698458376933379,Unceded Meanjin Land,Unknown
620,1374610076883951616,1374610076883951616,"Banda Islands, Indonesia",Indonesia
621,1374574686588129281,1374574686588129281,"Hopefully sitting down, AUST",Unknown
622,1374574371390386177,1374574371390386177,"Hopefully sitting down, AUST",Unknown
623,1374564173338841091,1374564173338841091,Tokyo,Japan
624,1374545250694410241,1374545250694410241,Navotas Fish Port Complex,Philippines
625,1374541345759629316,1374541345759629316,Not Available,Unknown
626,1374525083503505408,1374525083503505408,"Ontario, Canada",Canada
627,1374437183768043525,1374437183768043525,"Key Biscayne, FL, US, 33149",United States
628,1374436018137436179,1374436018137436179,"Washington, DC",United States
629,1374420176452603905,1374420176452603905,"Washington, DC",United States
630,1374375783712526339,1374375783712526339,http,Unknown
631,1374363783678791681,1374363783678791681,Paris,France
632,1374358363031531528,1374358363031531528,"New Delhi, India",India
633,1374337731321561093,1374337731321561093,"Washington, DC",United States
634,1374304687432871937,1374304687432871937,No DM,Unknown
635,1374269835379666946,1374269835379666946,"Spotswood, Melb, Australia",Australia
636,1374269518172815363,1374269518172815363,Not Available,Unknown
637,1374205975289208837,1374205975289208837,Not Available,Unknown
638,1374156672311074817,1374156672311074817,"Vancouver, British Columbia",Canada
639,1374155792371363842,1374155792371363842,Everywhere,Unknown
640,1374132228469489665,1374132228469489665,"Titusville, FL",United States
641,1374117449273024512,1374117449273024512,Boulogne-sur-Mer,France
642,1374073001482784768,1374073001482784768,"Natal, Brazil",Brazil
643,1374058984844460033,1374058984844460033,"Miami, FL",United States
644,1374046574091894785,1374046574091894785,"University Of Ilorin,  Nigeria",Nigeria
645,1374046571394969600,1374046571394969600,"University Of Ilorin,  Nigeria",Nigeria
646,1374043671562235905,1374043671562235905,Not Available,Unknown
647,1374043189133344770,1374043189133344770,"University Of Ilorin,  Nigeria",Nigeria
648,1374042889152520192,1374042889152520192,"University Of Ilorin,  Nigeria",Nigeria
649,1379781027489546245,1379781027489546245,"Washington, DC",United States
650,1379774926383579136,1379774926383579136,Australia,Australia
651,1379760628324163587,1379760628324163587,Australia,Australia
652,1379755471419084801,1379755471419084801,"London, England",United Kingdom
653,1379745579018776579,1379745579018776579,"Wellington City, New Zealand",New Zealand
654,1379736650020966401,1379736650020966401,"Sydney, Australia",Australia
655,1379732178251231233,1379732178251231233,///lung.hits.roof,Unknown
656,1379681809168879616,1379681809168879616,Not Available,Unknown
657,1379648749757104129,1379648749757104129,Not Available,Unknown
658,1379613403866521602,1379613403866521602,Not Available,Unknown
659,1379587136249155585,1379587136249155585,Johor Bahru,Malaysia
660,1379580732171948032,1379580732171948032,8415 W Third St Los Angeles CA,United States
661,1379573632314265602,1379573632314265602,Big Blue Georgia,Unknown
662,1379570462372601857,1379570462372601857,"Toulon, France",France
663,1379563146667417600,1379563146667417600,Worldwide,Unknown
664,1379562076255875076,1379562076255875076,Worldwide,Unknown
665,1379555969479413761,1379555969479413761,"Indiana, USA",United States
666,1379545281742696450,1379545281742696450,Michigan,United States
667,1379533322653687808,1379533322653687808,Not Available,Unknown
668,1379474953804910596,1379474953804910596,Nigeria,Nigeria
669,1379464787034304512,1379464787034304512,Canada,Canada
670,1379464625822040064,1379464625822040064,Not Available,Unknown
671,1379454302545133568,1379454302545133568,Cuba,Cuba
672,1379415133450080257,1379415133450080257,"Monaco, Indonesia, Australia",Unknown
673,1379413754052509699,1379413754052509699,"New York, USA",United States
674,1379395985798012929,1379395985798012929,"Winter Park, FL",United States
675,1379356743478599684,1379356743478599684,Melbourne,Australia
676,1379297191487889412,1379297191487889412,"Sunshine Coast, Australia",Australia
677,1379278930834776069,1379278930834776069,Not Available,Unknown
678,1379278372891660294,1379278372891660294,"Miami, FL",United States
679,1379259624549834755,1379259624549834755,Not Available,Unknown
680,1379238542358966274,1379238542358966274,Sydney,Australia
681,1379231943342968834,1379231943342968834,"Auckland, Sydney",Australia
682,1379218576360366080,1379218576360366080,Sydney & sometimes elsewhere,Australia
683,1379207321834958854,1379207321834958854,"Montréal, Québec",Canada
684,1379203784459493376,1379203784459493376,Florida,United States
685,1379203444561608705,1379203444561608705,India,India
686,1379176856990183430,1379176856990183430,"Ibadan, Nigeria",Nigeria
687,1379170778709520387,1379170778709520387,"Sydney, New South Wales",Australia
688,1379116216053243908,1379116216053243908,"Monterey, CA",United States
689,1379106379563200529,1379106379563200529,"Champagne, IL",United States
690,1379101442582151176,1379101442582151176,The Internets,Unknown
691,1379082566158974985,1379082566158974985,4-corners USA,Unknown
692,1379078778320785414,1379078778320785414,"Key Largo, FL",United States
693,1379071640202588164,1379071640202588164,Not Available,Unknown
694,1379050801709133826,1379050801709133826,Not Available,Unknown
695,1379036766271848454,1379036766271848454,Northern Kentucky,United States
696,1379002225544941571,1379002225544941571,India,India
697,1378996512194183168,1378996512194183168,Not Available,Unknown
698,1378967452155998212,1378967452155998212,kl,Unknown
699,1378903539360149512,1378903539360149512,Not Available,Unknown
700,1378853222417305605,1378853222417305605,"Atlantic, Pacific, Indian, Arctic, & Southern Oceans",Unknown
701,1378826313398648833,1378826313398648833,Hell Island,Unknown
702,1378764389688487941,1378764389688487941,Not Available,Unknown
703,1378724049770192898,1378724049770192898,Australia,Australia
704,1378721319261462529,1378721319261462529,"Key Largo, FL",United States
705,1378706108471201796,1378706108471201796,Spaceship Earth,Unknown
706,1378693930150023170,1378693930150023170,Sydney,Australia
707,1378683770438569988,1378683770438569988,Not Available,Australia
708,1378580946962821121,1378580946962821121,Israel,Israel
709,1378520543574417408,1378520543574417408,the internet,Unknown
710,1378518094423990275,1378518094423990275,Colorado,United States
711,1378489762563174401,1378489762563174401,"Ottawa, ON",Canada
712,1378476229544697856,1378476229544697856,Not Available,Unknown
713,1378475990708416514,1378475990708416514,Not Available,Unknown
714,1378457504263204864,1378457504263204864,Not Available,Unknown
715,1378362018957250562,1378362018957250562,"Atlantic, Pacific, Indian, Arctic, & Southern Oceans",Unknown
716,1378276483362340869,1378276483362340869,Not Available,Unknown
717,1378257476810727429,1378257476810727429,"San Diego, CA",United States
718,1378238434880286728,1378238434880286728,Not Available,Unknown
719,1378177845365669888,1378177845365669888,Not Available,Unknown
720,1378132957995536385,1378132957995536385,"Sydney, NSW, Australia",Australia
721,1378104934629961732,1378104934629961732,Not Available,Unknown
722,1378096976303034370,1378096976303034370,Not Available,Unknown
723,1378091419961712640,1378091419961712640,Florida,United States
724,1378086068113735681,1378086068113735681,Not Available,Unknown
725,1378079677194104835,1378079677194104835,Africa the cradle of mankind,Unknown
726,1378076669508993024,1378076669508993024,"Brentwood, Essex",United Kingdom
727,1378055282044104707,1378055282044104707,Not Available,Unknown
728,1378048836669673472,1378048836669673472,"California, USA",United States
729,1378029583992287235,1378029583992287235,"West Palm Beach, FL",United States
730,1378024165618417671,1378024165618417671,GURU 4RM KASEREM,Unknown
731,1378011874265010181,1378011874265010181,Not Available,Unknown
732,1378007401685778439,1378007401685778439,Not Available,Unknown
733,1378006504259915777,1378006504259915777,"Atlantic, Pacific, Indian, Arctic, & Southern Oceans",Unknown
734,1377999565597646850,1377999565597646850,"Champagne, IL",United States
735,1377992146502959104,1377992146502959104,"Arendal, Norway",Norway
736,1377979485044244486,1377979485044244486,"Texas, USA",United States
737,1377976850765463553,1377976850765463553,"Yorkshire, England",United Kingdom
738,1377972174955417610,1377972174955417610,Not Available,Unknown
739,1377965448575205376,1377965448575205376,"Ithaca, NY",United States
740,1377938285230690309,1377938285230690309,"Mombasa, Kenya",Kenya
741,1377906944527245312,1377906944527245312,Madrid,Spain
742,1377906281797709827,1377906281797709827,Park Chaeyoung,Unknown
743,1377869615792070658,1377869615792070658,"London, UK",United Kingdom
744,1377834287702159361,1377834287702159361,"Clarendon Hills, IL",United States
745,1377833420580077568,1377833420580077568,"Victoria, Australia",Australia
746,1377777959642140672,1377777959642140672,,Unknown
747,1377764001308938243,1377764001308938243,Not Available,Unknown
748,1377723053115772928,1377723053115772928,pfp,Unknown
749,1377669349167665156,1377669349167665156,Victoria BC Canada,Canada
750,1377586561924087810,1377586561924087810,"South Florida, USA",United States
751,1377576168166195201,1377576168166195201,"Newcastle, United Kingdom",United Kingdom
752,1377574658698977283,1377574658698977283,,Unknown
753,1377572647362555907,1377572647362555907,"Nuuk, Greenland",Greenland
754,1377572010104999937,1377572010104999937,,Unknown
755,1377550107361472512,1377550107361472512,Not Available,Unknown
756,1377544553817796611,1377544553817796611,Not Available,Unknown
757,1377541105743327235,1377541105743327235,Not Available,Unknown
758,1377524459842592768,1377524459842592768,Australia,Australia
759,1377507391676186626,1377507391676186626,"Cairns, Australia",Australia
760,1377490133222518788,1377490133222518788,"Perth, Western Australia",Australia
761,1377489410963382272,1377489410963382272,"Dhaka, Bangladesh",Bangladesh
762,1377432082591326209,1377432082591326209,Not Available,Unknown
763,1377427097665163273,1377427097665163273,Not Available,Unknown
764,1377422149023981568,1377422149023981568,Australia,Australia
765,1377399592937943041,1377399592937943041,"Suva, Fiji Islands",Fiji
766,1377392830188986369,1377392830188986369,"Washington, DC",United States
767,1377365209728217089,1377365209728217089,"Lizard Island, Queensland",Australia
768,1377359855321640960,1377359855321640960,"Lizard Island, Queensland",Australia
769,1377344966578434048,1377344966578434048,"Plymouth, UK",United Kingdom
770,1377343592046284801,1377343592046284801,"South Florida, USA",United States
771,1377305092697755656,1377305092697755656,Not Available,Unknown
772,1377302166625476612,1377302166625476612,"Washington, DC",United States
773,1377283932949995533,1377283932949995533,"Puerto Morelos, Mexico",Mexico
774,1377248323422273536,1377248323422273536,"Surrey, UK",United Kingdom
775,1377206663422353408,1377206663422353408,Not Available,Unknown
776,1377186461263355909,1377186461263355909,she/they //  // 15,Unknown
777,1377157330811244546,1377157330811244546,London Town,United Kingdom
778,1377087935355498496,1377087935355498496,Not Available,Unknown
779,1377087538721083392,1377087538721083392,Not Available,Unknown
780,1377087537504747522,1377087537504747522,Not Available,Unknown
781,1377038003650973698,1377038003650973698,Not Available,Unknown
782,1377036120819597314,1377036120819597314,"Townsville, QLD, Australia",Australia
783,1377017903128657923,1377017903128657923,"Miami, FL",United States
784,1381445148911923201,1381445148911923201,West Ham,United Kingdom
785,1381426485366382594,1381426485366382594,Australia,Australia
786,1381391451154751490,1381391451154751490,A place thats on fire.,Unknown
787,1381323466146729985,1381323466146729985,Citizen of Earth,Unknown
788,1381300479615934464,1381300479615934464,Hong Kong SAR,Hong Kong
789,1381261905306779650,1381261905306779650,Not Available,Unknown
790,1381093636893335555,1381093636893335555,"Near 3.6M lbs Nuclear Waste,CA",United States
791,1381088786516385796,1381088786516385796,lol,Unknown
792,1381018342505373696,1381018342505373696,Australia,Australia
793,1381006586609602564,1381006586609602564,"2040Film, location",Unknown
794,1380983828731342852,1380983828731342852,"Wisconsin, USA",United States
795,1380972844541042690,1380972844541042690,"Honolulu, HI",United States
796,1380959561134268416,1380959561134268416,"Royersford, PA",United States
797,1380947568084058116,1380947568084058116,"Atlantic, Pacific, Indian, Arctic, & Southern Oceans",Unknown
798,1380853250778353664,1380853250778353664,Scotland \U000e0067\U000e0062\U000e0073\U000e0063\U000e0074\U000e007f,United Kingdom
799,1380831294008000513,1380831294008000513,Not Available,Unknown
800,1380822865331691521,1380822865331691521,Not Available,Unknown
801,1380782910215753731,1380782910215753731,Bradford uk,United Kingdom
802,1380749605659414537,1380749605659414537,Scotland\U000e0067\U000e0062\U000e0073\U000e0063\U000e0074\U000e007f &,United Kingdom
803,1380741354850897922,1380741354850897922,"Brisbane, Queensland",Australia
804,1380652934460014603,1380652934460014603,University of Miami,United States
805,1380637569386479616,1380637569386479616,"Sydney, Australia",Australia
806,1380626120630960128,1380626120630960128,Not Available,Unknown
807,1380625815113699328,1380625815113699328,"Coral Gables, Florida",United States
808,1380624664112734209,1380624664112734209,Not Available,Unknown
809,1380612953087614980,1380612953087614980,Not Available,Unknown
810,1380612657993093125,1380612657993093125,Not Available,Unknown
811,1380606323906207746,1380606323906207746,"Nederland, Planet Earth.",United States
812,1380600796233015297,1380600796233015297,"Niagara Falls, NY",United States
813,1380564707136872452,1380564707136872452,Florida,United States
814,1380548579891277826,1380548579891277826,"Key Largo, FL",United States
815,1380508505879154693,1380508505879154693,"Seaside, CA",United States
816,1380504112442310662,1380504112442310662,London,United Kingdom
817,1380493031065972737,1380493031065972737,Not Available,Unknown
818,1380491683675172868,1380491683675172868,Not Available,Unknown
819,1380481947349159941,1380481947349159941,"Miami, FL",United States
820,1380471190666543105,1380471190666543105,Not Available,Unknown
821,1380469831149948930,1380469831149948930,University of Manchester,United Kingdom
822,1380458368322650120,1380458368322650120,Not Available,Unknown
823,1380428191328837632,1380428191328837632,"New York, USA",United States
824,1380305750682034176,1380305750682034176,Sydney & sometimes elsewhere,Australia
825,1380235718476369921,1380235718476369921,I love bri,Unknown
826,1380229592502431751,1380229592502431751,"Cincinnati, OH",United States
827,1380223970029494282,1380223970029494282,"Atlantic, Pacific, Indian, Arctic, & Southern Oceans",Unknown
828,1380210466887249927,1380210466887249927,"Washington, DC",United States
829,1380208589399322625,1380208589399322625,"New York, USA",United States
830,1380205059439521792,1380205059439521792,UNC-Chapel Hill,United States
831,1380202888862007303,1380202888862007303,Not Available,Unknown
832,1380196995034398720,1380196995034398720,"Cambridge, England",United Kingdom
833,1380184353280557059,1380184353280557059,"Alexandria, VA",United States
834,1380179771175342080,1380179771175342080,"England, United Kingdom",United Kingdom
835,1380062487324729348,1380062487324729348,Sydney,Australia
836,1380032975069347844,1380032975069347844,University of Wollongong,Australia
837,1379965437295779841,1379965437295779841,"Perth, Western Australia",Australia
838,1379948366839287811,1379948366839287811,"Key Largo, FL",United States
839,1379942556469882880,1379942556469882880,Australia,Australia
840,1379931724830932992,1379931724830932992,"Miami, FL",United States
841,1379894635510657024,1379894635510657024,Arizona,United States
842,1379885208330207232,1379885208330207232,"New Jersey, PUERTO RICO",Puerto Rico
843,1379882257591062528,1379882257591062528,"California, USA",United States
844,1379869663094521858,1379869663094521858,"Alta Floresta - MT, Brazil",Brazil
845,1379866516548689922,1379866516548689922,"Brighton, England",United Kingdom
846,1379862399507959808,1379862399507959808,meolo,Italy
847,1379858983545102339,1379858983545102339,"Brighton, England",United Kingdom
848,1379853926955122693,1379853926955122693,"Brighton, England",United Kingdom
849,1379851377090785281,1379851377090785281,Florida,United States
850,1379833965574512641,1379833965574512641,Florida,United States
851,1379830797939716096,1379830797939716096,The New World,Unknown
852,1389109301210324996,1389109301210324996,Not Available,Unknown
853,1389033219878756352,1389033219878756352,"UOG Station, Mangilao, Guam",Guam
854,1388961592105181188,1388961592105181188,"Canada, United States",United States
855,1388916913951199235,1388916913951199235,Not Available,Unknown
856,1388914099132661761,1388914099132661761,"Honolulu, Hawaii",United States
857,1388901281859833863,1388901281859833863,Washington DC,United States
858,1388859585889439748,1388859585889439748,"Cleveland, OH",United States
859,1388782124371779584,1388782124371779584,Istanbul (Turkey),Turkey
860,1388736827394195460,1388736827394195460,"Checheng, Taiwan",Taiwan
861,1388712028492152833,1388712028492152833,The Internets,Unknown
862,1388610906620268544,1388610906620268544,#blacklivesmatter utu M.Polz,Unknown
863,1388586124705157120,1388586124705157120,The Veranda,Unknown
864,1388537608591093766,1388537608591093766,"Venice, FL",United States
865,1388464252596350981,1388464252596350981,Singapore,Singapore
866,1388451745009999873,1388451745009999873,Bremen,Germany
867,1388347635912871939,1388347635912871939,"Pulaski, TN",United States
868,1388272963808530433,1388272963808530433,"Houston, TX",United States
869,1388269462500089856,1388269462500089856,4-corners USA,United States
870,1388254016157650945,1388254016157650945,Canada,Canada
871,1388210801710931968,1388210801710931968,www.deeperblue.com,Unknown
872,1388154618715140097,1388154618715140097,Not Available,Unknown
873,1388153528049340420,1388153528049340420,rts & likes r not endorsements,Unknown
874,1388139939385204741,1388139939385204741,Canada,Canada
875,1388048780210102273,1388048780210102273,he/him/his,Unknown
876,1388040694124662786,1388040694124662786,"Chisinau, Moldova",Moldova
877,1388033766795272195,1388033766795272195,Indonesia,Indonesia
878,1388030666080653315,1388030666080653315,"Seychelles, Mahe",Seychelles
879,1387973931861037060,1387973931861037060,Hong Kong,Hong Kong
880,1387973434659983360,1387973434659983360,"brighton , uk",United Kingdom
881,1387935290640175105,1387935290640175105,"Monrovia, CA",United States
882,1387922552832495619,1387922552832495619,"Coachella Valley, CA (zone 9b)",United States
883,1387889204441468928,1387889204441468928,Not Available,Unknown
884,1387844960293212165,1387844960293212165,Not Available,Unknown
885,1387821549986762753,1387821549986762753,"Washington, DC",United States
886,1387811425880399875,1387811425880399875,"UBC Institute for the Oceans and Fisheries, Canada",Canada
887,1387790878215790595,1387790878215790595,San Francisco,United States
888,1387784218986565642,1387784218986565642,Washington DC,United States
889,1387778206011469832,1387778206011469832,"Boston, MA",United States
890,1387774620644872200,1387774620644872200,Not Available,Unknown
891,1387766821059710978,1387766821059710978,Not Available,Unknown
892,1387764552809463821,1387764552809463821,Not Available,Unknown
893,1387762440826458135,1387762440826458135,Not Available,Unknown
894,1387753060378812419,1387753060378812419,Monaco,Monaco
895,1387687709573976064,1387687709573976064,Not Available,Unknown
896,1387636149837918209,1387636149837918209,Not Available,Unknown
897,1387622130964127744,1387622130964127744,Mid-Atlantic,United States
898,1387590567589158915,1387590567589158915,"Wulgurukaba & Bindal land, Qld",Australia
899,1387588709864853507,1387588709864853507,Worldwide,Unknown
900,1387578677420904449,1387578677420904449,"Melbourne, Australia",Australia
901,1387541183581282304,1387541183581282304,Grenada,Grenada
902,1387538881445236741,1387538881445236741,"Washington, DC",United States
903,1387495068911558659,1387495068911558659,US,United States
904,1387490678058401793,1387490678058401793,Not Available,Unknown
905,1387441142673911812,1387441142673911812,Not Available,Unknown
906,1387426043544354824,1387426043544354824,"Live Oak, TX USA",United States
907,1387421493475295239,1387421493475295239,Not Available,Unknown
908,1387415426741776384,1387415426741776384,"Boston, MA",United States
909,1387406874249728000,1387406874249728000,Florida,United States
910,1387395206782365703,1387395206782365703,"Solothurn, Switzerland",Switzerland
911,1387390056676134914,1387390056676134914,Philadelphia Metro,United States
912,1387389975948402688,1387389975948402688,"Miami, Florida",United States
913,1387313380713660422,1387313380713660422,Melbourne and Memphis,Australia
914,1387308823380115456,1387308823380115456,"Melbourne, Australia",Australia
915,1387288611842834432,1387288611842834432,Not Available,Unknown
916,1387283271029985281,1387283271029985281,"Melbourne, Victoria",Australia
917,1387278014581559298,1387278014581559298,Not Available,Unknown
918,1387266748211208192,1387266748211208192,headache from the +u,Unknown
919,1387149612948115462,1387149612948115462,Washington DC,United States
920,1387119481756000263,1387119481756000263,"Miami, FL",United States
921,1387107376592039937,1387107376592039937,Not Available,Unknown
922,1387105854529449985,1387105854529449985,Not Available,Unknown
923,1387091442091298817,1387091442091298817,Not Available,Unknown
924,1387090716174782467,1387090716174782467,Not Available,Unknown
925,1387089977255858181,1387089977255858181,Not Available,Unknown
926,1387087651682013184,1387087651682013184,Not Available,Unknown
927,1387059542488494080,1387059542488494080,"South Florida, USA",United States
928,1387059329870831623,1387059329870831623,"North Venice, FL",United States
929,1387055669665226752,1387055669665226752,Not Available,Unknown
930,1387052678732083205,1387052678732083205,"Cleveland, OH",United States
931,1387048789370753041,1387048789370753041,Not Available,Unknown
932,1387035855403974666,1387035855403974666,Cambridge,United Kingdom
933,1386992272856788993,1386992272856788993,Not Available,Unknown
934,1386965512631033858,1386965512631033858,"Nieuwegein, Netherlands",Netherlands
935,1386960188205240323,1386960188205240323,wandering north america,Unknown
936,1386930003846201349,1386930003846201349,"Sydney, New South Wales",Australia
937,1386922556595212291,1386922556595212291,University of Melbourne,Australia
938,1386922237597474816,1386922237597474816,"Nieuwegein, Netherlands",Netherlands
939,1386864060751245315,1386864060751245315,"Lausanne, Switzerland",Switzerland
940,1386834350231142404,1386834350231142404,"Toulon, France",France
941,1386802298400264202,1386802298400264202,"Key West, Florida",United States
942,1386713488815493127,1386713488815493127,Los Angeles,United States
943,1386686849545027585,1386686849545027585,England,United Kingdom
944,1386681750789705733,1386681750789705733,Not Available,Unknown
945,1386530000057237505,1386530000057237505,"Dallas, TX",United States
946,1386529229257334794,1386529229257334794,"Dallas, TX",United States
947,1386518139303649280,1386518139303649280,Not Available,Unknown
948,1386516205612290048,1386516205612290048,astronicht on ao3,Unknown
949,1386465247679049729,1386465247679049729,Not Available,Unknown
950,1386394616191197190,1386394616191197190,"Cleveland, OH",United States
951,1386368186778624002,1386368186778624002,Not Available,Unknown
952,1386349441960091654,1386349441960091654,Washington DC,United States
953,1386349064544034825,1386349064544034825,"Nieuwegein, Netherlands",Netherlands
954,1386347413451980803,1386347413451980803,Catalunya,Spain
955,1386336325503225859,1386336325503225859,"Lewes, Delaware",United States
956,1386314567760977924,1386314567760977924,Utah,United States
957,1386307551629778948,1386307551629778948,Not Available,Unknown
958,1386293549772144644,1386293549772144644,South Florida,United States
959,1386289564290109441,1386289564290109441,Connecticut,United States
960,1392838287715442688,1392838287715442688,"Virginia, USA",United States
961,1392834224613384192,1392834224613384192,Not Available,Unknown
962,1392785696805597188,1392785696805597188,Nairobi,Kenya
963,1392782792182927363,1392782792182927363,Not Available,Unknown
964,1392741238441275396,1392741238441275396,Earth,Unknown
965,1392727479123472391,1392727479123472391,Not Available,Unknown
966,1392600342815297541,1392600342815297541,"Annapolis, MD",United States
967,1392598469995601920,1392598469995601920,"Windham, NH",United States
968,1392586619979542529,1392586619979542529,Not Available,Unknown
969,1392531692422942720,1392531692422942720,"Atlanta, Georgia",United States
970,1392503596332298243,1392503596332298243,Not Available,Unknown
971,1392503547804061696,1392503547804061696,"UBC Institute for the Oceans and Fisheries, Canada",Canada
972,1392456791901065220,1392456791901065220,"Toronto, Ontario",Canada
973,1392449477320052738,1392449477320052738,Nottinghamshire,United Kingdom
974,1392417796940775426,1392417796940775426,Australia/New Zealand,Unknown
975,1392408465277169667,1392408465277169667,Not Available,Unknown
976,1392374156684111873,1392374156684111873,Not Available,Unknown
977,1392325417776812034,1392325417776812034,"Wangal/Gadigal country, Sydney",Australia
978,1392307056779173888,1392307056779173888,Not Available,Unknown
979,1392289806323916804,1392289806323916804,Here and now,Unknown
980,1392238787518894081,1392238787518894081,Sitting at the Park,Unknown
981,1392185235652190208,1392185235652190208,UBC - UWA,Australia
982,1392162990087188488,1392162990087188488,"Durham, NC, USA",United States
983,1392156720936464384,1392156720936464384,A place thats on fire.,Unknown
984,1392147896653553672,1392147896653553672,San Francisco,United States
985,1392106478509588484,1392106478509588484,"Agra, India",India
986,1392079346534281222,1392079346534281222,India,India
987,1392059706777214981,1392059706777214981,University of Essex,United Kingdom
988,1391962371111854085,1391962371111854085,Sri Lanka & Roaming,Sri Lanka
989,1391912399041609730,1391912399041609730,"Durham, NH",United States
990,1391898128350007296,1391898128350007296,Not Available,Unknown
991,1391860715175170048,1391860715175170048,Lək̓ʷəŋən territory,Unknown
992,1391855689945944064,1391855689945944064,"Amsterdam, Netherlands",Netherlands
993,1391853418206072834,1391853418206072834,"Lagos, Nigeria",Nigeria
994,1391818591205535754,1391818591205535754,"New York, NY",United States
995,1391814738909167616,1391814738909167616,Not Available,Unknown
996,1391753654361808898,1391753654361808898,"Dallas, TX",United States
997,1391748753128820737,1391748753128820737,Not Available,Unknown
998,1391734959199723522,1391734959199723522,"Toronto, Ontario",Canada
999,1391725234663854080,1391725234663854080,Not Available,Unknown
1000,1391700593283055619,1391700593283055619,United States,United States
1001,1391697939412750336,1391697939412750336,"Watamu, Kenya",Kenya
1002,1391657145150627841,1391657145150627841,UK,United Kingdom
1003,1391647995930714115,1391647995930714115,"8 Rue Momiji-Ai, KAHIKI",Unknown
1004,1391421608972021769,1391421608972021769,"Los Angeles, CA",United States
1005,1391404135740805125,1391404135740805125,"Key Largo, FL",United States
1006,1391337280950849545,1391337280950849545,Portugal,Portugal
1007,1391318795260764162,1391318795260764162,"Stirling, Scotland",United Kingdom
1008,1391296082240548866,1391296082240548866,"Mumbai, India",India
1009,1391209948080611328,1391209948080611328,Everywhere,Unknown
1010,1391162115893956608,1391162115893956608,A place thats on fire.,Unknown
1011,1391150920927432704,1391150920927432704,Not Available,Unknown
1012,1391149041074032644,1391149041074032644,Cymru,Wales
1013,1391106592771346437,1391106592771346437,Greenwood Village,United States
1014,1391075611389616128,1391075611389616128,Worldwide,Unknown
1015,1391068474210807812,1391068474210807812,PNW,Unknown
1016,1391066210826080257,1391066210826080257,St Kitts-Nevis,Saint Kitts and Nevis
1017,1391041425433890816,1391041425433890816,Dallas and Cozumel,Unknown
1018,1391041213453807627,1391041213453807627,Not Available,Unknown
1019,1391014297367552003,1391014297367552003,Not Available,Unknown
1020,1391003596062265345,1391003596062265345,Mundi Salutem,Unknown
1021,1390966603085451268,1390966603085451268,Not Available,Unknown
1022,1390848822167830532,1390848822167830532,Indonesia,Indonesia
1023,1390794049066397698,1390794049066397698,Cadigal,Eora
1024,1390793041544323072,1390793041544323072,Cadigal,Eora
1025,1390742575729070088,1390742575729070088,Nederland,United States
1026,1390729117272793098,1390729117272793098,Not Available,Unknown
1027,1390713162702467077,1390713162702467077,London,United Kingdom
1028,1390711056494964740,1390711056494964740,"San Francisco, CA",United States
1029,1390692824862035975,1390692824862035975,Worldwide,Unknown
1030,1390669912675336200,1390669912675336200,Keane Corp,Unknown
1031,1390666536084545543,1390666536084545543,"Kissimmee, Florida",United States
1032,1390653173988274179,1390653173988274179,"Kiel, Germany",Germany
1033,1390635169351143427,1390635169351143427,weltweit,Unknown
1034,1390586810200379394,1390586810200379394,Twitter,Unknown
1035,1390572431882993666,1390572431882993666,Florida,United States
1036,1390572425235025922,1390572425235025922,Florida,United States
1037,1390498796090531852,1390498796090531852,"Perth, Western Australia",Australia
1038,1390493348226547713,1390493348226547713,"Key Largo, FL",United States
1039,1390456494366277644,1390456494366277644,Washington DC,United States
1040,1390441366719713281,1390441366719713281,Not Available,Unknown
1041,1390441250264731648,1390441250264731648,London,United Kingdom
1042,1390421366747316225,1390421366747316225,tuberculosis hospital,Unknown
1043,1390406032560513024,1390406032560513024,Not Available,Unknown
1044,1390402236346470409,1390402236346470409,"Maryland, USA",United States
1045,1390385505829851137,1390385505829851137,Not Available,Unknown
1046,1390379903770636288,1390379903770636288,"Monaco, Indonesia, Australia",Unknown
1047,1390377574002434048,1390377574002434048,"Essex, UK",United Kingdom
1048,1390372366816096260,1390372366816096260,"Miami, FL",United States
1049,1390365769859584001,1390365769859584001,"Boston, MA",United States
1050,1390343983793152007,1390343983793152007,Not Available,Unknown
1051,1390338564198649867,1390338564198649867,Philadelphia Metro,United States
1052,1390336827966595076,1390336827966595076,California,United States
1053,1390336247349010432,1390336247349010432,Not Available,Unknown
1054,1390317199777271814,1390317199777271814,"Connecticut, USA",United States
1055,1390316254578180102,1390316254578180102,Australia,Australia
1056,1390288498654126089,1390288498654126089,Not Available,Unknown
1057,1390255435807141899,1390255435807141899,Virtual,Unknown
1058,1390158848166617094,1390158848166617094,Mid-Atlantic,United States
1059,1390141408711872513,1390141408711872513,"Brisbane, Australia",Australia
1060,1390111653044178946,1390111653044178946,Not Available,Unknown
1061,1390105137570582535,1390105137570582535,"Toulon, France",France
1062,1390104370239447040,1390104370239447040,Florida,United States
1063,1390100676110438405,1390100676110438405,Not Available,Unknown
1064,1390099375632699394,1390099375632699394,"Portland, OR  (via NY)",United States
1065,1390095225436188674,1390095225436188674,"Key Largo, FL",United States
1066,1390035329957220352,1390035329957220352,UK,United Kingdom
1067,1394317044926005250,1394317044926005250,Florida,United States
1068,1394314805461323783,1394314805461323783,she/her ~ 25 years old,Unknown
1069,1394294942885982208,1394294942885982208,Pasaia (Spain),Spain
1070,1394288663081672705,1394288663081672705,"Tennessee, USA",United States
1071,1394286282377809927,1394286282377809927,San Francisco,United States
1072,1394276668802404352,1394276668802404352,Not Available,Unknown
1073,1394256820177293312,1394256820177293312,Mauritius,Mauritus
1074,1394256563892858881,1394256563892858881,Geneva,Switzerland
1075,1394222392969367559,1394222392969367559,Sweden,Sweden
1076,1394203248572071941,1394203248572071941,Not Available,Unknown
1077,1394202259119030273,1394202259119030273,United Kingdom,United Kingdom
1078,1394093182250532867,1394093182250532867,thinking about louis,Unknown
1079,1394042789512552452,1394042789512552452,"Cleveland, OH",United States
1080,1393976286972846083,1393976286972846083,London,United Kingdom
1081,1393940063726317575,1393940063726317575,Not Available,Unknown
1082,1393909607295242243,1393909607295242243,Jersey,Jersey
1083,1393879548014436355,1393879548014436355,Earth,Unknown
1084,1393805363179245572,1393805363179245572,"Mumbai, India",India
1085,1393805270921334793,1393805270921334793,"Mumbai, India",India
1086,1393678010696437766,1393678010696437766,"Auckland Region, New Zealand",New Zealand
1087,1393665005745328128,1393665005745328128,"Washington, DC",United States
1088,1393618159446347776,1393618159446347776,Not Available,Unknown
1089,1393599167138648067,1393599167138648067,She/Her,Unknown
1090,1393598387581198338,1393598387581198338,"Mumbai, India",India
1091,1393584682978222081,1393584682978222081,scottish highland wilderness,Unknown
1092,1393584659406200833,1393584659406200833,scottish highland wilderness,Unknown
1093,1393541134127976450,1393541134127976450,Mid-Atlantic,United States
1094,1393521771693883393,1393521771693883393,"Bradenton Beach, FL",United States
1095,1393382290097508353,1393382290097508353,"Kaneohe, HI",United States
1096,1393342747441049602,1393342747441049602,Global,Unknown
1097,1393312196621262852,1393312196621262852,Not Available,Unknown
1098,1393306747755024386,1393306747755024386,"Lakeland, FL",United States
1099,1393287210984673285,1393287210984673285,Florida Keys,United States
1100,1393277076841639942,1393277076841639942,"Sarasota, FL",United States
1101,1393264888303296514,1393264888303296514,"London,UK",United Kingdom
1102,1393219769340514305,1393219769340514305,"Koh Tao, Thailand",Thailand
1103,1393215318898757640,1393215318898757640,Not Available,Unknown
1104,1393198051498631176,1393198051498631176,Jersey,Jersey
1105,1393178741514416128,1393178741514416128,Mid-Atlantic,United States
1106,1393172010201718784,1393172010201718784,"New York, USA",United States
1107,1393166706051227649,1393166706051227649,"Walton-on-Trent, England",United Kingdom
1108,1393143458508967937,1393143458508967937,Inland,Unknown
1109,1393141242783944708,1393141242783944708,Singapore,Singapore
1110,1393138380385525762,1393138380385525762,Not Available,Unknown
1111,1393113885595553793,1393113885595553793,"Washington, DC",United States
1112,1393082908986859521,1393082908986859521,"Lausanne, Switzerland",Switzerland
1113,1393082147590733826,1393082147590733826,Hong Kong SAR,China
1114,1393052761298817025,1393052761298817025,Not Available,Unknown
1115,1393025966847393793,1393025966847393793,United States,United States
1116,1392995854844366849,1392995854844366849,Florida,United States
1117,1392988134514864128,1392988134514864128,Philadelphia,United States
1118,1392914807213395968,1392914807213395968,"Miami, FL",United States
1119,1392901078883131399,1392901078883131399,Not Available,Unknown
1120,1392874098804547587,1392874098804547587,"London, England",United Kingdom
1121,1392866825474482176,1392866825474482176,"Mumbai, India",India
1122,1392857192936706050,1392857192936706050,"Koh Tao, Thailand",Thailand
1123,1396968754790141955,1396968754790141955,"Brisbane, Australia",Australia
1124,1396947911108399105,1396947911108399105,"Rabun Gap, GA",United States
1125,1396842339574849545,1396842339574849545,Not Available,Unknown
1126,1396842262064107521,1396842262064107521,Not Available,Unknown
1127,1396829591499542532,1396829591499542532,"హైదరాబాద్, తెలంగాణ",Unknown
1128,1396828339478880257,1396828339478880257,"Mexico,Belize,Guate,Honduras",Unknown
1129,1396825748816683009,1396825748816683009,Not Available,Unknown
1130,1396800044431462402,1396800044431462402,in,Unknown
1131,1396781019576033281,1396781019576033281,Not Available,Unknown
1132,1396758155900571649,1396758155900571649,Singapore,Singapore
1133,1396746771691458562,1396746771691458562,Nigeria,Nigeria
1134,1396715083661660160,1396715083661660160,"Brisbane, Queensland",Australia
1135,1396699993734619136,1396699993734619136,"Victoria, Australia",Australia
1136,1396653594296807428,1396653594296807428,"Brisbane,In the Sunshine State",Australia
1137,1396578923765436417,1396578923765436417,"Wales, United Kingdom",United Kingdom
1138,1396547489851793411,1396547489851793411,Not Available,Unknown
1139,1396506460847230976,1396506460847230976,"HQ - Arlington, VA",United States
1140,1396472906385747972,1396472906385747972,#bluemind,Unknown
1141,1396409025294573577,1396409025294573577,Not Available,Unknown
1142,1396215038453628928,1396215038453628928,Not Available,Unknown
1143,1396150192416636933,1396150192416636933,53147,Unknown
1144,1396147354038898691,1396147354038898691,Rio de Janeiro,Brazil
1145,1396123434988412929,1396123434988412929,ArrecifesCoral,Unknown
1146,1396120427194425346,1396120427194425346,"Key Largo, FL",United States
1147,1396110607187857408,1396110607187857408,"New York, USA",United States
1148,1396107885394997249,1396107885394997249,"Boston, MA",United States
1149,1396097647207874565,1396097647207874565,Australia,Australia
1150,1396013588981063682,1396013588981063682,"Sydney, Australia",Australia
1151,1395936722953793536,1395936722953793536,Not Available,Unknown
1152,1395857180314640388,1395857180314640388,"Seattle, WA",United States
1153,1395838054321987584,1395838054321987584,Miami,United States
1154,1395835078153015297,1395835078153015297,Global,Unknown
1155,1395793146773053444,1395793146773053444,Not Available,Unknown
1156,1395751487939170312,1395751487939170312,"Nairobi, Kenya",Kenya
1157,1395749005624291328,1395749005624291328,"Key Largo, FL",United States
1158,1395740002324262913,1395740002324262913,Pixie Hollow,Unknown
1159,1395691151387209732,1395691151387209732,Tbilisi,Georgia
1160,1395683837196357635,1395683837196357635,Not Available,Unknown
1161,1395675752838877187,1395675752838877187,Global,Unknown
1162,1395629576886308865,1395629576886308865,"Göttingen, Germany",Germany
1163,1395614651807801346,1395614651807801346,"Mianjin, Turrbal Country",Australia
1164,1395594663759949826,1395594663759949826,Mid-Atlantic,United States
1165,1395567413727571973,1395567413727571973,Not Available,Unknown
1166,1395547907642707973,1395547907642707973,Australia,Australia
1167,1395537470297579525,1395537470297579525,"Brisbane, Queensland",Australia
1168,1395533302304497664,1395533302304497664,Australia,Australia
1169,1395528854509395973,1395528854509395973,"Corpus Christi, TX",United States
1170,1395503169531105282,1395503169531105282,Not Available,Unknown
1171,1395480466535419910,1395480466535419910,Gulf coast,United States
1172,1395424230754295810,1395424230754295810,Not Available,Unknown
1173,1395401962775007234,1395401962775007234,"Many worlds, theoretically.",Unknown
1174,1395401180407386113,1395401180407386113,"San Francisco, CA",United States
1175,1395396075779891206,1395396075779891206,she/her,Unknown
1176,1395391981442850817,1395391981442850817,"Delhi, India",India
1177,1395378286897864710,1395378286897864710,Brooklyn / Saint Paul / SF,United States
1178,1395369940954193921,1395369940954193921,Australia,Australia
1179,1395364259652116489,1395364259652116489,Not Available,Unknown
1180,1395356131090997254,1395356131090997254,Florida Keys,United States
1181,1395333490082664448,1395333490082664448,Central Queensland,Australia
1182,1395282716170625032,1395282716170625032,Not Available,Unknown
1183,1395241443837415424,1395241443837415424,"Auckland, New Zealand",New Zealand
1184,1395215971388854281,1395215971388854281,"Townsville, Queensland",Australia
1185,1395211458867200003,1395211458867200003,"Brisbane, Australia",Australia
1186,1395171546491195393,1395171546491195393,Staff/volunteers across the US,United States
1187,1395167913976360960,1395167913976360960,"Melbourne, Victoria",Australia
1188,1395092001146687492,1395092001146687492,International,Unknown
1189,1395087979736076291,1395087979736076291,Not Available,Unknown
1190,1395085618632351748,1395085618632351748,Oakland,United States
1191,1395056014072946689,1395056014072946689,Not Available,Unknown
1192,1395046599915491333,1395046599915491333,Not Available,Unknown
1193,1395044654698086406,1395044654698086406,Saltcoats,United Kingdom
1194,1395035828104040450,1395035828104040450,"Seattle, WA",United States
1195,1395028758332157964,1395028758332157964,M78,Unknown
1196,1395018585798496256,1395018585798496256,Reality. There is no Planet B,Unknown
1197,1394969922548244481,1394969922548244481,Australia,Australia
1198,1394909436414734336,1394909436414734336,Not Available,Unknown
1199,1394906303768580104,1394906303768580104,Pulau Sakijang Pelepah,Singapore
1200,1394883011284332546,1394883011284332546,Earth,Unknown
1201,1394815309811490825,1394815309811490825,"Chevy Chase, MD",United States
1202,1394802487845130244,1394802487845130244,Australia,Australia
1203,1394749884322955269,1394749884322955269,"Chicago, London, MPLS",Unknown
1204,1394691803429756935,1394691803429756935,"California, USA",United States
1205,1394665802268282880,1394665802268282880,"Johannesburg, South Africa",South Africa
1206,1394663817099972615,1394663817099972615,"Auckland, New Zealand",New Zealand
1207,1394640204145647617,1394640204145647617,"Monterey, California, USA",United States
1208,1394628348903665665,1394628348903665665,Not Available,Unknown
1209,1394628296504193036,1394628296504193036,Mid-Atlantic,United States
1210,1394587988550553600,1394587988550553600,Arizona,United States
1211,1394537285605945344,1394537285605945344,"Beachwood, OH",United States
1212,1394533458182029312,1394533458182029312,Brisbane,Australia
1213,1394422130066923522,1394422130066923522,"Arizona, USA",United States
1214,1394409807289880578,1394409807289880578,Boon Wurrung/Bunurong Country,Australia
1215,1394392364513431553,1394392364513431553,Not Available,Unknown
1216,1394391396811907074,1394391396811907074,University of Miami,United States
1217,1394374712835264513,1394374712835264513,UC San Diego,United States
1218,1394346363736018949,1394346363736018949,Ocean,Unknown
1219,1394337327930122250,1394337327930122250,"Redlands, CA USA",United States
1220,1394324089200779268,1394324089200779268,"Seoul, Korea",South Korea
1221,1394323919453130758,1394323919453130758,"Seoul, Korea",South Korea